country,year,emissions,continent,consumption,gdp
Algeria,1990,52.98,Africa,22,94698162641
Algeria,1991,57.15,Africa,23,94010295226
Algeria,1992,57.26,Africa,24,95050335236
Algeria,1993,59.2,Africa,24,93376966897
Algeria,1994,56.35,Africa,23,92364919716
Algeria,1995,56.83,Africa,24,95620926059
Algeria,1996,56.17,Africa,23,99271195322
Algeria,1997,58.08,Africa,24,1.01E+11
Algeria,1998,59.5,Africa,25,1.06E+11
Algeria,1999,63.26,Africa,26,1.1E+11
Algeria,2000,64.24,Africa,27,1.14E+11
Algeria,2001,65.75,Africa,27,1.16E+11
Algeria,2002,71.71,Africa,29,1.21E+11
Algeria,2003,74.91,Africa,30,1.3E+11
Algeria,2004,76,Africa,30,1.35E+11
Algeria,2005,80.36,Africa,31,1.43E+11
Algeria,2006,83.47,Africa,33,1.46E+11
Algeria,2007,87.46,Africa,36,1.51E+11
Algeria,2008,90.83,Africa,36,1.55E+11
Algeria,2009,96.78,Africa,40,1.59E+11
Algeria,2010,97.5,Africa,39,1.65E+11
Algeria,2011,104.74,Africa,41,1.71E+11
Algeria,2012,115.19,Africa,45,1.77E+11
Algeria,2013,118.19,Africa,47,1.82E+11
Algeria,2014,127.35,Africa,51,1.89E+11
Algeria,2015,135.39,Africa,54,1.96E+11
Algeria,2016,133.31,Africa,53,2.04E+11
Algeria,2017,132.29,Africa,53,2.08E+11
Argentina,1990,101.13,South America,46,2.03E+11
Argentina,1991,105.64,South America,47,2.23E+11
Argentina,1992,108.95,South America,50,2.45E+11
Argentina,1993,108.25,South America,50,2.6E+11
Argentina,1994,116.1,South America,53,2.75E+11
Argentina,1995,120.23,South America,54,2.77E+11
Argentina,1996,126.87,South America,56,2.92E+11
Argentina,1997,132.21,South America,58,3.14E+11
Argentina,1998,136.06,South America,60,3.26E+11
Argentina,1999,139.7,South America,61,3.13E+11
Argentina,2000,139.52,South America,62,3.1E+11
Argentina,2001,129.71,South America,59,2.95E+11
Argentina,2002,122.97,South America,57,2.66E+11
Argentina,2003,132.66,South America,61,2.9E+11
Argentina,2004,147.73,South America,67,3.13E+11
Argentina,2005,150.21,South America,67,3.4E+11
Argentina,2006,160.14,South America,73,3.67E+11
Argentina,2007,166.69,South America,74,3.96E+11
Argentina,2008,178.19,South America,78,4.11E+11
Argentina,2009,171.14,South America,76,3.87E+11
Argentina,2010,174.59,South America,79,4.25E+11
Argentina,2011,181.83,South America,81,4.5E+11
Argentina,2012,188.03,South America,81,4.44E+11
Argentina,2013,183.47,South America,83,4.53E+11
Argentina,2014,189.83,South America,84,4.43E+11
Argentina,2015,195.82,South America,86,4.53E+11
Argentina,2016,199.01,South America,86,4.42E+11
Argentina,2017,195.38,South America,86,4.54E+11
Australia,1990,270.44,Oceania,87,7.08E+11
Australia,1991,271.19,Oceania,86,7.11E+11
Australia,1992,275.58,Oceania,87,7.31E+11
Australia,1993,280.18,Oceania,91,7.65E+11
Australia,1994,281.7,Oceania,92,7.99E+11
Australia,1995,290.15,Oceania,94,8.27E+11
Australia,1996,306.98,Oceania,100,8.56E+11
Australia,1997,315.81,Oceania,101,8.91E+11
Australia,1998,331.3,Oceania,104,9.33E+11
Australia,1999,338.66,Oceania,106,9.67E+11
Australia,2000,344.49,Oceania,108,9.9E+11
Australia,2001,345.22,Oceania,106,1.03E+12
Australia,2002,357.38,Oceania,109,1.06E+12
Australia,2003,355.48,Oceania,110,1.09E+12
Australia,2004,369.36,Oceania,112,1.13E+12
Australia,2005,378.46,Oceania,113,1.15E+12
Australia,2006,384.76,Oceania,118,1.2E+12
Australia,2007,395.09,Oceania,122,1.24E+12
Australia,2008,397.59,Oceania,127,1.26E+12
Australia,2009,402.4,Oceania,127,1.28E+12
Australia,2010,402.97,Oceania,128,1.31E+12
Australia,2011,400.44,Oceania,128,1.35E+12
Australia,2012,397.89,Oceania,127,1.38E+12
Australia,2013,393.47,Oceania,127,1.41E+12
Australia,2014,383.93,Oceania,125,1.44E+12
Australia,2015,387.64,Oceania,125,1.47E+12
Australia,2016,407.16,Oceania,128,1.5E+12
Australia,2017,408.22,Oceania,129,1.53E+12
Belgium,1990,105.89,Europe,48,3.39E+11
Belgium,1991,110.43,Europe,50,3.49E+11
Belgium,1992,109.48,Europe,51,3.56E+11
Belgium,1993,108.16,Europe,49,3.54E+11
Belgium,1994,113.65,Europe,52,3.66E+11
Belgium,1995,114.03,Europe,53,3.75E+11
Belgium,1996,119.73,Europe,56,3.79E+11
Belgium,1997,116.12,Europe,56,3.93E+11
Belgium,1998,118.66,Europe,57,4E+11
Belgium,1999,114.64,Europe,57,4.13E+11
Belgium,2000,116.31,Europe,58,4.27E+11
Belgium,2001,116.22,Europe,58,4.33E+11
Belgium,2002,111.06,Europe,56,4.39E+11
Belgium,2003,115.1,Europe,58,4.42E+11
Belgium,2004,114.72,Europe,58,4.57E+11
Belgium,2005,111.9,Europe,58,4.67E+11
Belgium,2006,110.86,Europe,58,4.77E+11
Belgium,2007,107.53,Europe,57,4.94E+11
Belgium,2008,108.77,Europe,58,4.99E+11
Belgium,2009,99.58,Europe,56,4.82E+11
Belgium,2010,109.11,Europe,60,4.96E+11
Belgium,2011,98.88,Europe,56,5.07E+11
Belgium,2012,97.97,Europe,54,5.08E+11
Belgium,2013,98.94,Europe,56,5.09E+11
Belgium,2014,92.4,Europe,53,5.17E+11
Belgium,2015,97.52,Europe,53,5.28E+11
Belgium,2016,94.98,Europe,57,5.33E+11
Belgium,2017,93.92,Europe,56,5.43E+11
Brazil,1990,191.84,South America,141,1.25E+12
Brazil,1991,197.35,South America,143,1.26E+12
Brazil,1992,202.32,South America,145,1.25E+12
Brazil,1993,209.79,South America,148,1.31E+12
Brazil,1994,217.54,South America,156,1.39E+12
Brazil,1995,234.06,South America,161,1.44E+12
Brazil,1996,252.44,South America,170,1.46E+12
Brazil,1997,269.42,South America,179,1.5E+12
Brazil,1998,277.85,South America,183,1.49E+12
Brazil,1999,287.29,South America,187,1.49E+12
Brazil,2000,298.13,South America,188,1.56E+12
Brazil,2001,304.81,South America,191,1.58E+12
Brazil,2002,302.54,South America,196,1.63E+12
Brazil,2003,297.54,South America,199,1.65E+12
Brazil,2004,313.74,South America,210,1.75E+12
Brazil,2005,317.31,South America,216,1.8E+12
Brazil,2006,321.31,South America,223,1.85E+12
Brazil,2007,336.3,South America,236,1.96E+12
Brazil,2008,354.15,South America,249,2.04E+12
Brazil,2009,332.01,South America,241,2.01E+12
Brazil,2010,375.85,South America,266,2.16E+12
Brazil,2011,395.84,South America,271,2.23E+12
Brazil,2012,428.39,South America,282,2.26E+12
Brazil,2013,459.55,South America,294,2.33E+12
Brazil,2014,484.82,South America,304,2.31E+12
Brazil,2015,460.42,South America,299,2.22E+12
Brazil,2016,426.77,South America,289,2.14E+12
Brazil,2017,436.82,South America,291,2.09E+12
Canada,1990,429.6,North America,211,1.08E+12
Canada,1991,422.68,North America,210,1.06E+12
Canada,1992,435.08,North America,215,1.07E+12
Canada,1993,435.35,North America,223,1.1E+12
Canada,1994,451.57,North America,231,1.15E+12
Canada,1995,460.89,North America,234,1.18E+12
Canada,1996,476.08,North America,238,1.2E+12
Canada,1997,492.57,North America,241,1.25E+12
Canada,1998,497.43,North America,240,1.3E+12
Canada,1999,508.68,North America,246,1.37E+12
Canada,2000,529.4,North America,254,1.45E+12
Canada,2001,523.37,North America,250,1.46E+12
Canada,2002,529.07,North America,251,1.5E+12
Canada,2003,551.29,North America,264,1.52E+12
Canada,2004,544.16,North America,270,1.57E+12
Canada,2005,556.9,North America,272,1.61E+12
Canada,2006,550.56,North America,277,1.65E+12
Canada,2007,581.98,North America,278,1.69E+12
Canada,2008,560.53,North America,273,1.69E+12
Canada,2009,531.84,North America,263,1.62E+12
Canada,2010,547.16,North America,266,1.68E+12
Canada,2011,558.13,North America,271,1.73E+12
Canada,2012,561.45,North America,268,1.77E+12
Canada,2013,573.8,North America,271,1.81E+12
Canada,2014,572.4,North America,279,1.86E+12
Canada,2015,568.64,North America,271,1.87E+12
Canada,2016,589.55,North America,278,1.9E+12
Canada,2017,623.7,North America,287,1.96E+12
Chile,1990,30.96,South America,14,91518129766
Chile,1991,29.47,South America,14,98284346617
Chile,1992,30.61,South America,15,1.07E+11
Chile,1993,32.4,South America,16,1.14E+11
Chile,1994,35.63,South America,17,1.19E+11
Chile,1995,38.8,South America,18,1.29E+11
Chile,1996,44.74,South America,20,1.38E+11
Chile,1997,51.95,South America,23,1.47E+11
Chile,1998,53.04,South America,24,1.51E+11
Chile,1999,56.68,South America,25,1.52E+11
Chile,2000,52.74,South America,25,1.59E+11
Chile,2001,50.52,South America,25,1.64E+11
Chile,2002,51.41,South America,26,1.66E+11
Chile,2003,52.75,South America,26,1.73E+11
Chile,2004,57.44,South America,28,1.83E+11
Chile,2005,58.28,South America,28,1.92E+11
Chile,2006,60.08,South America,30,2.03E+11
Chile,2007,65.69,South America,31,2.12E+11
Chile,2008,68.33,South America,30,2.19E+11
Chile,2009,65.76,South America,30,2.14E+11
Chile,2010,70.26,South America,31,2.25E+11
Chile,2011,76.29,South America,34,2.39E+11
Chile,2012,78.71,South America,37,2.51E+11
Chile,2013,82.9,South America,39,2.6E+11
Chile,2014,76.99,South America,35,2.64E+11
Chile,2015,81.95,South America,36,2.69E+11
Chile,2016,87.97,South America,38,2.71E+11
Chile,2017,85.21,South America,38,2.74E+11
China,1990,2249.24,Asia,871,8.86E+11
China,1991,2364.12,Asia,848,9.62E+11
China,1992,2454.35,Asia,877,1.09E+12
China,1993,2632.91,Asia,929,1.23E+12
China,1994,2752.92,Asia,973,1.37E+12
China,1995,2951.93,Asia,1045,1.51E+12
China,1996,2959.85,Asia,1074,1.66E+12
China,1997,2969.77,Asia,1073,1.8E+12
China,1998,3062.58,Asia,1078,1.94E+12
China,1999,2978.94,Asia,1099,2.09E+12
China,2000,3145.6,Asia,1130,2.26E+12
China,2001,3280.28,Asia,1168,2.44E+12
China,2002,3539.75,Asia,1246,2.66E+12
China,2003,4115.9,Asia,1420,2.93E+12
China,2004,4844.46,Asia,1615,3.21E+12
China,2005,5451.57,Asia,1782,3.58E+12
China,2006,6038.55,Asia,1950,4.03E+12
China,2007,6552.13,Asia,2099,4.61E+12
China,2008,6682.88,Asia,2155,5.05E+12
China,2009,7149.85,Asia,2297,5.52E+12
China,2010,7711.61,Asia,2537,6.1E+12
China,2011,8432.95,Asia,2722,6.68E+12
China,2012,8612.91,Asia,2820,7.21E+12
China,2013,9026.22,Asia,2910,7.77E+12
China,2014,9069.56,Asia,2955,8.33E+12
China,2015,9095.1,Asia,2976,8.91E+12
China,2016,9085.94,Asia,3017,9.5E+12
China,2017,9297.23,Asia,3105,1.02E+13
Colombia,1990,46.08,South America,24,1.63E+11
Colombia,1991,47.74,South America,24,1.66E+11
Colombia,1992,49.57,South America,25,1.71E+11
Colombia,1993,52.56,South America,26,1.79E+11
Colombia,1994,52.62,South America,27,1.88E+11
Colombia,1995,55.14,South America,28,2E+11
Colombia,1996,55.08,South America,28,2.03E+11
Colombia,1997,59.45,South America,27,2.09E+11
Colombia,1998,60.49,South America,29,2.1E+11
Colombia,1999,52.87,South America,26,2E+11
Colombia,2000,55.19,South America,26,2.05E+11
Colombia,2001,55.46,South America,26,2.08E+11
Colombia,2002,53.34,South America,25,2.13E+11
Colombia,2003,52.65,South America,26,2.22E+11
Colombia,2004,52.85,South America,26,2.34E+11
Colombia,2005,54.35,South America,27,2.45E+11
Colombia,2006,54.19,South America,28,2.61E+11
Colombia,2007,55.09,South America,28,2.78E+11
Colombia,2008,55.98,South America,30,2.87E+11
Colombia,2009,59.37,South America,31,2.89E+11
Colombia,2010,60.8,South America,31,3E+11
Colombia,2011,65.97,South America,31,3.17E+11
Colombia,2012,65.79,South America,32,3.28E+11
Colombia,2013,71.21,South America,34,3.42E+11
Colombia,2014,73.13,South America,34,3.56E+11
Colombia,2015,72.78,South America,34,3.67E+11
Colombia,2016,76.29,South America,36,3.75E+11
Colombia,2017,72.78,South America,37,3.82E+11
Czech Republic,1990,151.25,Europe,50,1.78E+11
Czech Republic,1991,139.65,Europe,45,1.56E+11
Czech Republic,1992,134.2,Europe,44,1.51E+11
Czech Republic,1993,132.72,Europe,43,1.53E+11
Czech Republic,1994,125.87,Europe,41,1.54E+11
Czech Republic,1995,124.86,Europe,42,1.61E+11
Czech Republic,1996,127.22,Europe,43,1.66E+11
Czech Republic,1997,128.94,Europe,43,1.62E+11
Czech Republic,1998,123,Europe,42,1.6E+11
Czech Republic,1999,112.72,Europe,39,1.61E+11
Czech Republic,2000,124.96,Europe,41,1.68E+11
Czech Republic,2001,124.64,Europe,42,1.72E+11
Czech Republic,2002,121.12,Europe,43,1.75E+11
Czech Republic,2003,124.35,Europe,45,1.79E+11
Czech Republic,2004,125.34,Europe,46,1.88E+11
Czech Republic,2005,123,Europe,45,2E+11
Czech Republic,2006,122.9,Europe,46,2.17E+11
Czech Republic,2007,124.79,Europe,46,2.29E+11
Czech Republic,2008,117.92,Europe,45,2.39E+11
Czech Republic,2009,110.11,Europe,43,2.22E+11
Czech Republic,2010,113.53,Europe,45,2.32E+11
Czech Republic,2011,110.01,Europe,44,2.4E+11
Czech Republic,2012,106.39,Europe,43,2.37E+11
Czech Republic,2013,102.78,Europe,43,2.35E+11
Czech Republic,2014,99.63,Europe,42,2.44E+11
Czech Republic,2015,101.71,Europe,42,2.56E+11
Czech Republic,2016,104.01,Europe,42,2.63E+11
Czech Republic,2017,104.83,Europe,44,2.77E+11
Egypt,1990,78.5,Africa,32,98929415911
Egypt,1991,77.18,Africa,32,1.04E+11
Egypt,1992,80.06,Africa,33,1.06E+11
Egypt,1993,81.83,Africa,34,1.09E+11
Egypt,1994,77.46,Africa,33,1.14E+11
Egypt,1995,82.14,Africa,35,1.19E+11
Egypt,1996,87.35,Africa,37,1.24E+11
Egypt,1997,93.38,Africa,39,1.31E+11
Egypt,1998,98.48,Africa,42,1.35E+11
Egypt,1999,103.61,Africa,43,1.42E+11
Egypt,2000,101.56,Africa,41,1.5E+11
Egypt,2001,111.56,Africa,46,1.55E+11
Egypt,2002,117.02,Africa,47,1.6E+11
Egypt,2003,120.46,Africa,49,1.66E+11
Egypt,2004,131.63,Africa,54,1.71E+11
Egypt,2005,148.93,Africa,62,1.79E+11
Egypt,2006,157.43,Africa,65,1.92E+11
Egypt,2007,169.5,Africa,70,2.04E+11
Egypt,2008,177.5,Africa,72,2.18E+11
Egypt,2009,181.87,Africa,74,2.28E+11
Egypt,2010,183.72,Africa,73,2.39E+11
Egypt,2011,190.07,Africa,76,2.43E+11
Egypt,2012,196.44,Africa,79,2.47E+11
Egypt,2013,196.22,Africa,77,2.53E+11
Egypt,2014,199.32,Africa,80,2.61E+11
Egypt,2015,204.81,Africa,79,2.7E+11
Egypt,2016,212.79,Africa,83,2.76E+11
Egypt,2017,217.88,Africa,86,2.86E+11
France,1990,357.02,Europe,225,1.94E+12
France,1991,383.18,Europe,238,1.96E+12
France,1992,372.34,Europe,234,1.99E+12
France,1993,354.24,Europe,238,1.98E+12
France,1994,346.94,Europe,231,2.02E+12
France,1995,357.71,Europe,240,2.06E+12
France,1996,371.79,Europe,251,2.09E+12
France,1997,363.74,Europe,244,2.13E+12
France,1998,389.59,Europe,252,2.21E+12
France,1999,381.84,Europe,252,2.28E+12
France,2000,383.51,Europe,255,2.37E+12
France,2001,393.97,Europe,260,2.41E+12
France,2002,383.46,Europe,261,2.43E+12
France,2003,387.93,Europe,266,2.45E+12
France,2004,387.24,Europe,270,2.52E+12
France,2005,384.86,Europe,271,2.56E+12
France,2006,373.62,Europe,266,2.62E+12
France,2007,366.75,Europe,263,2.69E+12
France,2008,364.09,Europe,265,2.69E+12
France,2009,344.54,Europe,253,2.61E+12
France,2010,355.09,Europe,261,2.65E+12
France,2011,330.3,Europe,252,2.72E+12
France,2012,333.39,Europe,252,2.73E+12
France,2013,336.67,Europe,253,2.74E+12
France,2014,304.4,Europe,243,2.78E+12
France,2015,312.29,Europe,246,2.8E+12
France,2016,318.27,Europe,242,2.83E+12
France,2017,325.33,Europe,243,2.89E+12
Germany,1990,955.79,Europe,355,2.89E+12
Germany,1991,938.81,Europe,344,3.03E+12
Germany,1992,899.6,Europe,338,3.06E+12
Germany,1993,889.54,Europe,335,3E+12
Germany,1994,874.38,Europe,333,3.06E+12
Germany,1995,872.3,Europe,336,3.12E+12
Germany,1996,902.06,Europe,348,3.13E+12
Germany,1997,871.38,Europe,346,3.2E+12
Germany,1998,863.66,Europe,343,3.25E+12
Germany,1999,832.25,Europe,335,3.31E+12
Germany,2000,832.71,Europe,337,3.43E+12
Germany,2001,851.87,Europe,347,3.49E+12
Germany,2002,839.72,Europe,339,3.48E+12
Germany,2003,833.85,Europe,337,3.45E+12
Germany,2004,818.36,Europe,339,3.52E+12
Germany,2005,802.13,Europe,337,3.55E+12
Germany,2006,813.29,Europe,346,3.7E+12
Germany,2007,783.54,Europe,328,3.84E+12
Germany,2008,792.34,Europe,331,3.86E+12
Germany,2009,736.42,Europe,310,3.53E+12
Germany,2010,779.5,Europe,326,3.76E+12
Germany,2011,750.3,Europe,310,3.92E+12
Germany,2012,766.46,Europe,311,3.93E+12
Germany,2013,787.32,Europe,318,3.94E+12
Germany,2014,748.56,Europe,306,4.05E+12
Germany,2015,753.54,Europe,308,4.12E+12
Germany,2016,763.59,Europe,311,4.23E+12
Germany,2017,781.58,Europe,314,4.33E+12
India,1990,523.7,Asia,306,5.55E+11
India,1991,563.34,Asia,318,5.59E+11
India,1992,594.8,Asia,330,5.87E+11
India,1993,626.23,Asia,338,6.23E+11
India,1994,666.91,Asia,351,6.7E+11
India,1995,726.91,Asia,371,7.21E+11
India,1996,761.94,Asia,383,7.77E+11
India,1997,795.44,Asia,398,8.11E+11
India,1998,810.6,Asia,407,8.59E+11
India,1999,876.19,Asia,431,9.07E+11
India,2000,913.92,Asia,441,9.4E+11
India,2001,927.26,Asia,447,9.93E+11
India,2002,957.5,Asia,461,1.02E+12
India,2003,981.56,Asia,472,1.1E+12
India,2004,1038.19,Asia,497,1.19E+12
India,2005,1087.28,Asia,516,1.29E+12
India,2006,1158.06,Asia,543,1.41E+12
India,2007,1255.39,Asia,574,1.51E+12
India,2008,1335.63,Asia,602,1.58E+12
India,2009,1504.46,Asia,663,1.7E+12
India,2010,1588.76,Asia,693,1.83E+12
India,2011,1669.95,Asia,723,1.92E+12
India,2012,1786.24,Asia,758,2.03E+12
India,2013,1839.89,Asia,776,2.15E+12
India,2014,2002.94,Asia,826,2.3E+12
India,2015,2052.26,Asia,851,2.5E+12
India,2016,2151.4,Asia,894,2.69E+12
India,2017,2234.27,Asia,934,2.86E+12
Indonesia,1990,147.51,Asia,99,3.56E+11
Indonesia,1991,160.28,Asia,103,3.9E+11
Indonesia,1992,168.23,Asia,108,4.19E+11
Indonesia,1993,182.98,Asia,119,4.51E+11
Indonesia,1994,194,Asia,119,4.89E+11
Indonesia,1995,216.39,Asia,131,5.31E+11
Indonesia,1996,234.04,Asia,136,5.76E+11
Indonesia,1997,253.77,Asia,140,6.03E+11
Indonesia,1998,256.25,Asia,137,5.25E+11
Indonesia,1999,277.49,Asia,144,5.31E+11
Indonesia,2000,272.59,Asia,156,5.58E+11
Indonesia,2001,290.66,Asia,159,5.77E+11
Indonesia,2002,296.9,Asia,165,6.03E+11
Indonesia,2003,325.33,Asia,165,6.34E+11
Indonesia,2004,331.9,Asia,176,6.65E+11
Indonesia,2005,336.47,Asia,179,7E+11
Indonesia,2006,354.93,Asia,183,7.35E+11
Indonesia,2007,370.34,Asia,182,7.78E+11
Indonesia,2008,364.91,Asia,186,8.21E+11
Indonesia,2009,381.75,Asia,201,8.54E+11
Indonesia,2010,395.12,Asia,211,9.02E+11
Indonesia,2011,395.62,Asia,203,9.63E+11
Indonesia,2012,409.79,Asia,211,1.02E+12
Indonesia,2013,409.7,Asia,216,1.07E+12
Indonesia,2014,446.21,Asia,225,1.12E+12
Indonesia,2015,453.51,Asia,226,1.17E+12
Indonesia,2016,464.31,Asia,231,1.22E+12
Indonesia,2017,484.69,Asia,240,1.28E+12
Iran,1990,181.22,Asia,69,2.6E+11
Iran,1991,200.79,Asia,77,2.93E+11
Iran,1992,218.15,Asia,81,3.01E+11
Iran,1993,219.61,Asia,87,3.07E+11
Iran,1994,248.77,Asia,97,3.06E+11
Iran,1995,254.71,Asia,101,3.11E+11
Iran,1996,262.13,Asia,98,3.19E+11
Iran,1997,276.52,Asia,109,3.23E+11
Iran,1998,280.06,Asia,111,3.28E+11
Iran,1999,305.89,Asia,126,3.34E+11
Iran,2000,320.03,Asia,123,3.53E+11
Iran,2001,335.42,Asia,133,3.59E+11
Iran,2002,350.67,Asia,138,3.89E+11
Iran,2003,365.5,Asia,143,4.21E+11
Iran,2004,394.85,Asia,156,4.39E+11
Iran,2005,426.98,Asia,173,4.66E+11
Iran,2006,460.27,Asia,180,4.94E+11
Iran,2007,492.59,Asia,191,5.26E+11
Iran,2008,501.87,Asia,205,5.23E+11
Iran,2009,520.52,Asia,204,5.3E+11
Iran,2010,515.78,Asia,204,5.63E+11
Iran,2011,531.25,Asia,208,5.82E+11
Iran,2012,535.57,Asia,217,5.46E+11
Iran,2013,560.12,Asia,221,5.43E+11
Iran,2014,586.93,Asia,237,5.62E+11
Iran,2015,575.98,Asia,237,5.52E+11
Iran,2016,575.51,Asia,239,6.11E+11
Iran,2017,605.83,Asia,253,6.35E+11
Italy,1990,398.35,Europe,151,1.88E+12
Italy,1991,399.08,Europe,155,1.91E+12
Italy,1992,398.44,Europe,154,1.92E+12
Italy,1993,393.11,Europe,153,1.9E+12
Italy,1994,388.52,Europe,151,1.95E+12
Italy,1995,411.15,Europe,160,2.01E+12
Italy,1996,408.86,Europe,159,2.02E+12
Italy,1997,412.67,Europe,162,2.05E+12
Italy,1998,422.99,Europe,166,2.08E+12
Italy,1999,428.01,Europe,169,2.1E+12
Italy,2000,431.12,Europe,172,2.18E+12
Italy,2001,429.59,Europe,172,2.21E+12
Italy,2002,438.1,Europe,173,2.22E+12
Italy,2003,453.2,Europe,182,2.21E+12
Italy,2004,460.19,Europe,183,2.25E+12
Italy,2005,462.39,Europe,186,2.26E+12
Italy,2006,459.11,Europe,184,2.32E+12
Italy,2007,451.24,Europe,184,2.36E+12
Italy,2008,440.22,Europe,182,2.33E+12
Italy,2009,393.52,Europe,170,2.16E+12
Italy,2010,402.14,Europe,174,2.21E+12
Italy,2011,393.63,Europe,168,2.23E+12
Italy,2012,375.01,Europe,162,2.17E+12
Italy,2013,343.73,Europe,156,2.14E+12
Italy,2014,327.53,Europe,147,2.15E+12
Italy,2015,335.41,Europe,153,2.17E+12
Italy,2016,328.16,Europe,153,2.2E+12
Italy,2017,326.05,Europe,153,2.24E+12
Japan,1990,1030.06,Asia,438,5.67E+12
Japan,1991,1038.43,Asia,443,5.91E+12
Japan,1992,1053.29,Asia,453,5.96E+12
Japan,1993,1046.06,Asia,456,5.96E+12
Japan,1994,1103.02,Asia,481,6E+12
Japan,1995,1115.62,Asia,494,6.15E+12
Japan,1996,1126.82,Asia,504,6.35E+12
Japan,1997,1122.68,Asia,509,6.43E+12
Japan,1998,1094.55,Asia,500,6.33E+12
Japan,1999,1130.41,Asia,508,6.32E+12
Japan,2000,1138.81,Asia,518,6.5E+12
Japan,2001,1126.9,Asia,509,6.43E+12
Japan,2002,1168.56,Asia,509,6.44E+12
Japan,2003,1172.69,Asia,505,6.55E+12
Japan,2004,1164.28,Asia,521,6.72E+12
Japan,2005,1165.77,Asia,519,6.88E+12
Japan,2006,1140.78,Asia,518,7E+12
Japan,2007,1186.21,Asia,514,7.15E+12
Japan,2008,1108.15,Asia,494,7.09E+12
Japan,2009,1052.9,Asia,471,6.5E+12
Japan,2010,1097.97,Asia,499,6.87E+12
Japan,2011,1153.38,Asia,462,6.83E+12
Japan,2012,1192.57,Asia,451,6.93E+12
Japan,2013,1209.15,Asia,455,7.04E+12
Japan,2014,1159.45,Asia,439,7.1E+12
Japan,2015,1121.68,Asia,430,7.22E+12
Japan,2016,1106.79,Asia,424,7.28E+12
Japan,2017,1117.71,Asia,429,7.38E+12
Kazakhstan,1990,236.37,Asia,73,1.05E+11
Kazakhstan,1991,243.17,Asia,75,1.01E+11
Kazakhstan,1992,249.24,Asia,79,90368744035
Kazakhstan,1993,212.54,Asia,66,83844341437
Kazakhstan,1994,192.4,Asia,58,69386088340
Kazakhstan,1995,167.69,Asia,52,64404257550
Kazakhstan,1996,146.33,Asia,45,64169467378
Kazakhstan,1997,123.34,Asia,40,65081788610
Kazakhstan,1998,125.85,Asia,39,63806911885
Kazakhstan,1999,113.09,Asia,36,65582578510
Kazakhstan,2000,121.9,Asia,36,72573542019
Kazakhstan,2001,113.28,Asia,35,82801140093
Kazakhstan,2002,125.88,Asia,40,91067738452
Kazakhstan,2003,145.19,Asia,43,99604140353
Kazakhstan,2004,150.3,Asia,51,1.1E+11
Kazakhstan,2005,161.34,Asia,51,1.2E+11
Kazakhstan,2006,182.01,Asia,61,1.33E+11
Kazakhstan,2007,193.37,Asia,66,1.46E+11
Kazakhstan,2008,228.23,Asia,70,1.49E+11
Kazakhstan,2009,202.51,Asia,63,1.5E+11
Kazakhstan,2010,221.06,Asia,69,1.6E+11
Kazakhstan,2011,234.59,Asia,77,1.67E+11
Kazakhstan,2012,234.3,Asia,74,1.76E+11
Kazakhstan,2013,250.64,Asia,82,1.85E+11
Kazakhstan,2014,235.29,Asia,77,1.92E+11
Kazakhstan,2015,227.98,Asia,78,1.95E+11
Kazakhstan,2016,222.69,Asia,77,1.98E+11
Kazakhstan,2017,233.47,Asia,80,2.06E+11
Kuwait,1990,28.07,Asia,9,49388493487
Kuwait,1991,7.82,Asia,3,22670966890
Kuwait,1992,22.5,Asia,9,49384602788
Kuwait,1993,28.8,Asia,12,70690301075
Kuwait,1994,33.37,Asia,14,76394204574
Kuwait,1995,33.33,Asia,15,78591018947
Kuwait,1996,32.42,Asia,15,83935834860
Kuwait,1997,33.55,Asia,15,85037244138
Kuwait,1998,39.71,Asia,17,82220356350
Kuwait,1999,43.77,Asia,18,84158710858
Kuwait,2000,47.08,Asia,19,92233150324
Kuwait,2001,51.05,Asia,20,91486751877
Kuwait,2002,53.1,Asia,21,91617043130
Kuwait,2003,54.85,Asia,22,1.07E+11
Kuwait,2004,57.82,Asia,23,1.18E+11
Kuwait,2005,66.21,Asia,26,1.31E+11
Kuwait,2006,68,Asia,26,1.4E+11
Kuwait,2007,68.27,Asia,26,1.44E+11
Kuwait,2008,72.83,Asia,29,1.48E+11
Kuwait,2009,79.94,Asia,31,1.33E+11
Kuwait,2010,78.85,Asia,32,1.38E+11
Kuwait,2011,80.11,Asia,31,1.52E+11
Kuwait,2012,79.78,Asia,34,1.64E+11
Kuwait,2013,85.16,Asia,34,1.65E+11
Kuwait,2014,80.63,Asia,32,1.65E+11
Kuwait,2015,87,Asia,35,1.64E+11
Kuwait,2016,90.57,Asia,36,1.7E+11
Kuwait,2017,89.46,Asia,35,1.65E+11
Malaysia,1990,50.23,Asia,22,1.03E+11
Malaysia,1991,60.7,Asia,27,1.13E+11
Malaysia,1992,63.79,Asia,30,1.22E+11
Malaysia,1993,70.16,Asia,32,1.31E+11
Malaysia,1994,75.32,Asia,32,1.43E+11
Malaysia,1995,82.45,Asia,35,1.58E+11
Malaysia,1996,92.91,Asia,39,1.76E+11
Malaysia,1997,100.14,Asia,45,1.89E+11
Malaysia,1998,100.25,Asia,42,1.77E+11
Malaysia,1999,108.58,Asia,43,1.89E+11
Malaysia,2000,117.96,Asia,49,2.07E+11
Malaysia,2001,123.56,Asia,51,2.06E+11
Malaysia,2002,129.81,Asia,53,2.15E+11
Malaysia,2003,135.86,Asia,57,2.29E+11
Malaysia,2004,149.4,Asia,61,2.45E+11
Malaysia,2005,160.01,Asia,67,2.57E+11
Malaysia,2006,166.99,Asia,67,2.73E+11
Malaysia,2007,185.56,Asia,73,2.87E+11
Malaysia,2008,196.05,Asia,77,2.98E+11
Malaysia,2009,177.73,Asia,73,2.89E+11
Malaysia,2010,194.79,Asia,74,3.12E+11
Malaysia,2011,199.84,Asia,77,3.29E+11
Malaysia,2012,203.25,Asia,79,3.46E+11
Malaysia,2013,222.07,Asia,88,3.61E+11
Malaysia,2014,228.9,Asia,90,3.83E+11
Malaysia,2015,228.53,Asia,86,4.02E+11
Malaysia,2016,243.63,Asia,92,4.19E+11
Malaysia,2017,248.52,Asia,94,4.43E+11
Mexico,1990,262.61,North America,123,7.36E+11
Mexico,1991,281.93,North America,129,7.64E+11
Mexico,1992,284.76,North America,131,7.91E+11
Mexico,1993,290.33,North America,133,8.06E+11
Mexico,1994,314.91,North America,136,8.44E+11
Mexico,1995,297.12,North America,132,7.94E+11
Mexico,1996,309.9,North America,135,8.51E+11
Mexico,1997,326.73,North America,142,9.13E+11
Mexico,1998,349,North America,145,9.64E+11
Mexico,1999,341.16,North America,150,9.9E+11
Mexico,2000,363.79,North America,150,1.04E+12
Mexico,2001,364.3,North America,155,1.03E+12
Mexico,2002,370.41,North America,155,1.03E+12
Mexico,2003,387.35,North America,165,1.04E+12
Mexico,2004,396.34,North America,167,1.08E+12
Mexico,2005,413.19,North America,178,1.11E+12
Mexico,2006,426.41,North America,182,1.15E+12
Mexico,2007,434.42,North America,181,1.18E+12
Mexico,2008,436.71,North America,180,1.19E+12
Mexico,2009,428.27,North America,180,1.12E+12
Mexico,2010,443.48,North America,175,1.18E+12
Mexico,2011,460.82,North America,184,1.22E+12
Mexico,2012,462.07,North America,192,1.27E+12
Mexico,2013,452.33,North America,192,1.28E+12
Mexico,2014,436.58,North America,188,1.32E+12
Mexico,2015,445.48,North America,187,1.36E+12
Mexico,2016,453.26,North America,192,1.4E+12
Mexico,2017,436.49,North America,186,1.43E+12
Netherlands,1990,164.4,Europe,67,5.51E+11
Netherlands,1991,171.41,Europe,70,5.63E+11
Netherlands,1992,169.57,Europe,69,5.71E+11
Netherlands,1993,174.74,Europe,71,5.77E+11
Netherlands,1994,175.89,Europe,71,5.93E+11
Netherlands,1995,181.05,Europe,74,6.14E+11
Netherlands,1996,189.93,Europe,78,6.34E+11
Netherlands,1997,184.3,Europe,76,6.57E+11
Netherlands,1998,184.65,Europe,77,6.84E+11
Netherlands,1999,179.62,Europe,75,7.16E+11
Netherlands,2000,180.64,Europe,76,7.45E+11
Netherlands,2001,185.87,Europe,79,7.6E+11
Netherlands,2002,188.02,Europe,79,7.6E+11
Netherlands,2003,190.87,Europe,82,7.61E+11
Netherlands,2004,193.71,Europe,83,7.78E+11
Netherlands,2005,190.31,Europe,81,7.95E+11
Netherlands,2006,185.6,Europe,80,8.21E+11
Netherlands,2007,186.05,Europe,80,8.54E+11
Netherlands,2008,185.33,Europe,80,8.68E+11
Netherlands,2009,179.07,Europe,78,8.32E+11
Netherlands,2010,190.9,Europe,83,8.49E+11
Netherlands,2011,178.66,Europe,77,8.67E+11
Netherlands,2012,176.01,Europe,78,8.6E+11
Netherlands,2013,175.57,Europe,77,8.6E+11
Netherlands,2014,168.37,Europe,73,8.75E+11
Netherlands,2015,174,Europe,74,8.92E+11
Netherlands,2016,173.82,Europe,74,9.12E+11
Netherlands,2017,181.91,Europe,76,9.32E+11
New Zealand,1990,21.62,Oceania,14,93503899737
New Zealand,1991,22.17,Oceania,14,92101028804
New Zealand,1992,23.72,Oceania,14,92984947275
New Zealand,1993,23.44,Oceania,15,99127638585
New Zealand,1994,23.98,Oceania,15,1.04E+11
New Zealand,1995,24.52,Oceania,15,1.08E+11
New Zealand,1996,25.93,Oceania,16,1.12E+11
New Zealand,1997,28.28,Oceania,16,1.14E+11
New Zealand,1998,27.4,Oceania,16,1.14E+11
New Zealand,1999,29.01,Oceania,17,1.2E+11
New Zealand,2000,30.16,Oceania,17,1.23E+11
New Zealand,2001,32.01,Oceania,17,1.27E+11
New Zealand,2002,32.07,Oceania,17,1.33E+11
New Zealand,2003,32.61,Oceania,17,1.39E+11
New Zealand,2004,32.37,Oceania,18,1.43E+11
New Zealand,2005,33.02,Oceania,17,1.47E+11
New Zealand,2006,33.13,Oceania,17,1.5E+11
New Zealand,2007,31.99,Oceania,17,1.53E+11
New Zealand,2008,33.06,Oceania,18,1.5E+11
New Zealand,2009,30.33,Oceania,18,1.49E+11
New Zealand,2010,30.09,Oceania,19,1.51E+11
New Zealand,2011,29.43,Oceania,19,1.54E+11
New Zealand,2012,31.11,Oceania,19,1.57E+11
New Zealand,2013,31.08,Oceania,19,1.61E+11
New Zealand,2014,32.09,Oceania,21,1.66E+11
New Zealand,2015,32.07,Oceania,21,1.72E+11
New Zealand,2016,32.12,Oceania,21,1.78E+11
New Zealand,2017,33.77,Oceania,21,1.83E+11
Nigeria,1990,28.32,Africa,66,1.41E+11
Nigeria,1991,33.59,Africa,70,1.41E+11
Nigeria,1992,40.14,Africa,72,1.44E+11
Nigeria,1993,36.64,Africa,74,1.46E+11
Nigeria,1994,30.85,Africa,72,1.46E+11
Nigeria,1995,33.2,Africa,74,1.48E+11
Nigeria,1996,36.93,Africa,77,1.54E+11
Nigeria,1997,41.58,Africa,79,1.58E+11
Nigeria,1998,37.8,Africa,80,1.62E+11
Nigeria,1999,39.55,Africa,83,1.63E+11
Nigeria,2000,44,Africa,86,1.72E+11
Nigeria,2001,49.85,Africa,90,1.83E+11
Nigeria,2002,51.57,Africa,93,2.13E+11
Nigeria,2003,55.61,Africa,99,2.29E+11
Nigeria,2004,56.19,Africa,101,2.54E+11
Nigeria,2005,58.21,Africa,105,2.71E+11
Nigeria,2006,52.57,Africa,106,2.89E+11
Nigeria,2007,49,Africa,110,3.09E+11
Nigeria,2008,53.87,Africa,113,3.3E+11
Nigeria,2009,45.54,Africa,111,3.56E+11
Nigeria,2010,56.8,Africa,120,3.87E+11
Nigeria,2011,62.21,Africa,127,4.11E+11
Nigeria,2012,65.04,Africa,134,4.31E+11
Nigeria,2013,63.68,Africa,134,4.59E+11
Nigeria,2014,62.22,Africa,135,4.91E+11
Nigeria,2015,66.66,Africa,139,5.03E+11
Nigeria,2016,61.05,Africa,138,4.94E+11
Nigeria,2017,63.87,Africa,140,4.98E+11
Norway,1990,27.88,Europe,21,2.57E+11
Norway,1991,26.38,Europe,22,2.66E+11
Norway,1992,29.26,Europe,22,2.77E+11
Norway,1993,31.18,Europe,24,2.84E+11
Norway,1994,32.7,Europe,23,3.01E+11
Norway,1995,32.13,Europe,24,3.14E+11
Norway,1996,33,Europe,23,3.31E+11
Norway,1997,34.75,Europe,24,3.48E+11
Norway,1998,36.4,Europe,25,3.51E+11
Norway,1999,37.72,Europe,26,3.55E+11
Norway,2000,33.02,Europe,26,3.67E+11
Norway,2001,34.35,Europe,27,3.73E+11
Norway,2002,34.01,Europe,25,3.77E+11
Norway,2003,36.82,Europe,27,3.79E+11
Norway,2004,37.19,Europe,27,3.92E+11
Norway,2005,36.16,Europe,27,4E+11
Norway,2006,37.24,Europe,27,4.07E+11
Norway,2007,37.77,Europe,28,4.18E+11
Norway,2008,37.25,Europe,32,4.21E+11
Norway,2009,37.32,Europe,32,4.12E+11
Norway,2010,39.25,Europe,34,4.13E+11
Norway,2011,37.97,Europe,28,4.16E+11
Norway,2012,37.07,Europe,30,4.28E+11
Norway,2013,36.67,Europe,33,4.33E+11
Norway,2014,37.1,Europe,28,4.43E+11
Norway,2015,38.46,Europe,30,4.49E+11
Norway,2016,39.75,Europe,28,4.52E+11
Norway,2017,35.7,Europe,28,4.59E+11
Poland,1990,371.83,Europe,104,2.24E+11
Poland,1991,366.22,Europe,101,2.04E+11
Poland,1992,358.95,Europe,99,2.36E+11
Poland,1993,352.79,Europe,101,2.39E+11
Poland,1994,343.75,Europe,97,2.5E+11
Poland,1995,341.6,Europe,100,2.65E+11
Poland,1996,365.02,Europe,107,2.8E+11
Poland,1997,346.92,Europe,102,2.96E+11
Poland,1998,318.09,Europe,95,3.08E+11
Poland,1999,309.98,Europe,93,3.21E+11
Poland,2000,298.45,Europe,89,3.34E+11
Poland,2001,297.05,Europe,90,3.36E+11
Poland,2002,290.37,Europe,89,3.4E+11
Poland,2003,301.21,Europe,91,3.53E+11
Poland,2004,302.94,Europe,91,3.74E+11
Poland,2005,308.71,Europe,92,3.87E+11
Poland,2006,319.71,Europe,97,4.13E+11
Poland,2007,318.38,Europe,97,4.44E+11
Poland,2008,315.9,Europe,98,4.65E+11
Poland,2009,303.39,Europe,94,4.77E+11
Poland,2010,322.53,Europe,101,4.96E+11
Poland,2011,317.44,Europe,101,5.23E+11
Poland,2012,310.5,Europe,98,5.34E+11
Poland,2013,307.93,Europe,98,5.4E+11
Poland,2014,293.87,Europe,95,5.62E+11
Poland,2015,297.4,Europe,95,5.86E+11
Poland,2016,301.88,Europe,99,6.06E+11
Poland,2017,313.77,Europe,104,6.35E+11
Portugal,1990,39.65,Europe,17,1.7E+11
Portugal,1991,41.09,Europe,17,1.77E+11
Portugal,1992,45.04,Europe,19,1.8E+11
Portugal,1993,43.7,Europe,18,1.79E+11
Portugal,1994,44.32,Europe,19,1.77E+11
Portugal,1995,48.5,Europe,20,1.84E+11
Portugal,1996,46.54,Europe,20,1.91E+11
Portugal,1997,48.77,Europe,21,2E+11
Portugal,1998,53.53,Europe,23,2.08E+11
Portugal,1999,60.31,Europe,24,2.14E+11
Portugal,2000,59.8,Europe,25,2.22E+11
Portugal,2001,59.35,Europe,25,2.26E+11
Portugal,2002,63.25,Europe,26,2.28E+11
Portugal,2003,58.77,Europe,25,2.26E+11
Portugal,2004,60.07,Europe,26,2.29E+11
Portugal,2005,63.05,Europe,26,2.3E+11
Portugal,2006,57.76,Europe,25,2.33E+11
Portugal,2007,56.26,Europe,25,2.4E+11
Portugal,2008,54.33,Europe,25,2.4E+11
Portugal,2009,53.82,Europe,24,2.32E+11
Portugal,2010,48.48,Europe,23,2.37E+11
Portugal,2011,47.96,Europe,23,2.35E+11
Portugal,2012,46.53,Europe,21,2.27E+11
Portugal,2013,45.06,Europe,22,2.26E+11
Portugal,2014,44.18,Europe,21,2.28E+11
Portugal,2015,48.34,Europe,22,2.32E+11
Portugal,2016,46.23,Europe,22,2.36E+11
Portugal,2017,51.78,Europe,23,2.42E+11
South Korea,1990,244.08,Asia,94,4.06E+11
South Korea,1991,268.34,Asia,101,4.49E+11
South Korea,1992,290.42,Asia,111,4.76E+11
South Korea,1993,317.43,Asia,125,5.1E+11
South Korea,1994,342.7,Asia,133,5.57E+11
South Korea,1995,371.47,Asia,146,6.1E+11
South Korea,1996,394.32,Asia,158,6.55E+11
South Korea,1997,416.73,Asia,172,6.91E+11
South Korea,1998,359.36,Asia,158,6.54E+11
South Korea,1999,393.37,Asia,174,7.3E+11
South Korea,2000,434.88,Asia,190,8E+11
South Korea,2001,451.98,Asia,193,8.32E+11
South Korea,2002,455.35,Asia,201,8.97E+11
South Korea,2003,469.24,Asia,206,9.29E+11
South Korea,2004,479.42,Asia,212,9.82E+11
South Korea,2005,478.81,Asia,214,1.03E+12
South Korea,2006,488.78,Asia,218,1.08E+12
South Korea,2007,517.85,Asia,227,1.15E+12
South Korea,2008,530.51,Asia,232,1.19E+12
South Korea,2009,535.74,Asia,234,1.2E+12
South Korea,2010,594.31,Asia,256,1.29E+12
South Korea,2011,626.32,Asia,267,1.35E+12
South Korea,2012,629.88,Asia,271,1.38E+12
South Korea,2013,629.57,Asia,272,1.43E+12
South Korea,2014,622.44,Asia,277,1.47E+12
South Korea,2015,636.05,Asia,283,1.51E+12
South Korea,2016,638.03,Asia,289,1.55E+12
South Korea,2017,667.7,Asia,296,1.6E+12
Romania,1990,163.6,Europe,62,1.35E+11
Romania,1991,136.37,Europe,51,1.23E+11
Romania,1992,126.54,Europe,47,1.16E+11
Romania,1993,118.5,Europe,46,1.18E+11
Romania,1994,113.54,Europe,43,1.23E+11
Romania,1995,117.03,Europe,47,1.3E+11
Romania,1996,121.41,Europe,48,1.36E+11
Romania,1997,112.45,Europe,45,1.28E+11
Romania,1998,97.96,Europe,41,1.21E+11
Romania,1999,83.39,Europe,36,1.22E+11
Romania,2000,87.35,Europe,36,1.27E+11
Romania,2001,92.41,Europe,37,1.33E+11
Romania,2002,95.33,Europe,38,1.41E+11
Romania,2003,96.3,Europe,40,1.48E+11
Romania,2004,94.55,Europe,39,1.59E+11
Romania,2005,91.82,Europe,39,1.65E+11
Romania,2006,95.41,Europe,40,1.76E+11
Romania,2007,93.23,Europe,40,1.86E+11
Romania,2008,91.67,Europe,40,2.01E+11
Romania,2009,78.32,Europe,35,1.9E+11
Romania,2010,74.86,Europe,35,1.87E+11
Romania,2011,81.35,Europe,36,1.91E+11
Romania,2012,79.14,Europe,35,1.92E+11
Romania,2013,69.38,Europe,32,2E+11
Romania,2014,68.95,Europe,32,2.08E+11
Romania,2015,69.58,Europe,32,2.15E+11
Romania,2016,69.79,Europe,32,2.26E+11
Romania,2017,74.8,Europe,33,2.42E+11
Russian Federation,1990,2192.47,Asia,882,1.48E+12
Russian Federation,1991,2198.77,Asia,873,1.42E+12
Russian Federation,1992,2045.77,Asia,800,1.21E+12
Russian Federation,1993,1860.74,Asia,756,1.1E+12
Russian Federation,1994,1634.5,Asia,660,9.42E+11
Russian Federation,1995,1594.19,Asia,639,9.06E+11
Russian Federation,1996,1574.75,Asia,634,8.87E+11
Russian Federation,1997,1482.32,Asia,606,9E+11
Russian Federation,1998,1463.76,Asia,592,8.61E+11
Russian Federation,1999,1504.81,Asia,609,9.15E+11
Russian Federation,2000,1524.26,Asia,619,9.94E+11
Russian Federation,2001,1530.72,Asia,626,1.04E+12
Russian Federation,2002,1513.93,Asia,623,1.08E+12
Russian Federation,2003,1554.6,Asia,645,1.16E+12
Russian Federation,2004,1552.47,Asia,647,1.24E+12
Russian Federation,2005,1550.24,Asia,651,1.31E+12
Russian Federation,2006,1611.12,Asia,670,1.4E+12
Russian Federation,2007,1590.97,Asia,672,1.52E+12
Russian Federation,2008,1611.28,Asia,688,1.58E+12
Russian Federation,2009,1511.99,Asia,646,1.46E+12
Russian Federation,2010,1609.79,Asia,688,1.53E+12
Russian Federation,2011,1682.86,Asia,721,1.6E+12
Russian Federation,2012,1665.54,Asia,739,1.66E+12
Russian Federation,2013,1610.37,Asia,719,1.68E+12
Russian Federation,2014,1598.31,Asia,724,1.7E+12
Russian Federation,2015,1607.65,Asia,709,1.65E+12
Russian Federation,2016,1622.08,Asia,711,1.65E+12
Russian Federation,2017,1696.89,Asia,744,1.67E+12
Saudi Arabia,1990,155.69,Asia,58,3.16E+11
Saudi Arabia,1991,162.06,Asia,68,3.6E+11
Saudi Arabia,1992,176.78,Asia,77,3.73E+11
Saudi Arabia,1993,187.36,Asia,80,3.69E+11
Saudi Arabia,1994,199.49,Asia,84,3.72E+11
Saudi Arabia,1995,198.64,Asia,85,3.74E+11
Saudi Arabia,1996,211.52,Asia,90,3.86E+11
Saudi Arabia,1997,214,Asia,86,3.91E+11
Saudi Arabia,1998,228.9,Asia,92,4.02E+11
Saudi Arabia,1999,234.93,Asia,94,3.89E+11
Saudi Arabia,2000,244.16,Asia,98,4.11E+11
Saudi Arabia,2001,248.16,Asia,100,4.09E+11
Saudi Arabia,2002,265.66,Asia,111,3.99E+11
Saudi Arabia,2003,276.56,Asia,113,4.42E+11
Saudi Arabia,2004,293.96,Asia,120,4.79E+11
Saudi Arabia,2005,310.52,Asia,123,5.06E+11
Saudi Arabia,2006,329.34,Asia,136,5.22E+11
Saudi Arabia,2007,346.44,Asia,140,5.34E+11
Saudi Arabia,2008,378.29,Asia,157,5.68E+11
Saudi Arabia,2009,395.03,Asia,167,5.58E+11
Saudi Arabia,2010,435.09,Asia,185,5.88E+11
Saudi Arabia,2011,451.16,Asia,177,6.45E+11
Saudi Arabia,2012,481.7,Asia,199,6.79E+11
Saudi Arabia,2013,488.57,Asia,191,6.97E+11
Saudi Arabia,2014,524.27,Asia,213,7.27E+11
Saudi Arabia,2015,550.72,Asia,222,7.58E+11
Saudi Arabia,2016,573.34,Asia,221,7.72E+11
Saudi Arabia,2017,588.92,Asia,224,7.68E+11
South Africa,1990,253.94,Africa,92,2.4E+11
South Africa,1991,250,Africa,96,2.37E+11
South Africa,1992,246.78,Africa,89,2.33E+11
South Africa,1993,255.05,Africa,95,2.36E+11
South Africa,1994,260.13,Africa,98,2.42E+11
South Africa,1995,277.27,Africa,104,2.5E+11
South Africa,1996,287.74,Africa,106,2.58E+11
South Africa,1997,302.6,Africa,109,2.64E+11
South Africa,1998,310.15,Africa,108,2.65E+11
South Africa,1999,293.59,Africa,109,2.71E+11
South Africa,2000,300.26,Africa,109,2.84E+11
South Africa,2001,334.33,Africa,112,2.91E+11
South Africa,2002,345.37,Africa,110,3.01E+11
South Africa,2003,367.3,Africa,118,3.08E+11
South Africa,2004,389.87,Africa,128,3.22E+11
South Africa,2005,380.26,Africa,128,3.38E+11
South Africa,2006,379.6,Africa,127,3.57E+11
South Africa,2007,401.25,Africa,136,3.76E+11
South Africa,2008,435.18,Africa,148,3.88E+11
South Africa,2009,410.1,Africa,145,3.77E+11
South Africa,2010,415.95,Africa,142,3.9E+11
South Africa,2011,402.14,Africa,142,4.02E+11
South Africa,2012,420.48,Africa,139,4.11E+11
South Africa,2013,429.72,Africa,139,4.21E+11
South Africa,2014,442.9,Africa,146,4.28E+11
South Africa,2015,435.85,Africa,142,4.33E+11
South Africa,2016,446.44,Africa,143,4.36E+11
South Africa,2017,440.09,Africa,140,4.41E+11
Spain,1990,208.18,Europe,91,9.67E+11
Spain,1991,216.61,Europe,94,9.89E+11
Spain,1992,226.82,Europe,95,9.86E+11
Spain,1993,212.67,Europe,92,9.67E+11
Spain,1994,220.62,Europe,96,9.84E+11
Spain,1995,233.25,Europe,101,1.01E+12
Spain,1996,222.98,Europe,99,1.03E+12
Spain,1997,241.69,Europe,106,1.07E+12
Spain,1998,250.57,Europe,111,1.11E+12
Spain,1999,271.85,Europe,116,1.16E+12
Spain,2000,287.49,Europe,122,1.22E+12
Spain,2001,288.28,Europe,125,1.27E+12
Spain,2002,305.94,Europe,129,1.31E+12
Spain,2003,311.86,Europe,133,1.34E+12
Spain,2004,326.81,Europe,140,1.38E+12
Spain,2005,340.57,Europe,143,1.42E+12
Spain,2006,332.29,Europe,142,1.48E+12
Spain,2007,345.45,Europe,144,1.54E+12
Spain,2008,315.55,Europe,139,1.55E+12
Spain,2009,280,Europe,128,1.48E+12
Spain,2010,266.57,Europe,128,1.49E+12
Spain,2011,270.1,Europe,126,1.48E+12
Spain,2012,265.49,Europe,126,1.43E+12
Spain,2013,238.09,Europe,117,1.41E+12
Spain,2014,235.9,Europe,115,1.43E+12
Spain,2015,251.49,Europe,119,1.47E+12
Spain,2016,245.66,Europe,120,1.52E+12
Spain,2017,260.95,Europe,122,1.57E+12
Sweden,1990,52.57,Europe,46,3.33E+11
Sweden,1991,52.75,Europe,48,3.29E+11
Sweden,1992,53.27,Europe,46,3.24E+11
Sweden,1993,52.54,Europe,46,3.16E+11
Sweden,1994,55.36,Europe,49,3.3E+11
Sweden,1995,55.13,Europe,49,3.46E+11
Sweden,1996,60.53,Europe,50,3.51E+11
Sweden,1997,55.11,Europe,49,3.63E+11
Sweden,1998,55.95,Europe,50,3.78E+11
Sweden,1999,54.49,Europe,49,3.95E+11
Sweden,2000,51.06,Europe,46,4.15E+11
Sweden,2001,51.97,Europe,49,4.2E+11
Sweden,2002,53.39,Europe,52,4.29E+11
Sweden,2003,54.71,Europe,51,4.39E+11
Sweden,2004,53.09,Europe,53,4.61E+11
Sweden,2005,50.62,Europe,52,4.74E+11
Sweden,2006,50.64,Europe,50,4.98E+11
Sweden,2007,48.11,Europe,50,5.15E+11
Sweden,2008,46.19,Europe,50,5.11E+11
Sweden,2009,43.25,Europe,45,4.71E+11
Sweden,2010,48.51,Europe,51,5.1E+11
Sweden,2011,44.04,Europe,50,5.26E+11
Sweden,2012,40.67,Europe,50,5.2E+11
Sweden,2013,39.06,Europe,49,5.25E+11
Sweden,2014,38.9,Europe,48,5.37E+11
Sweden,2015,38.45,Europe,45,5.53E+11
Sweden,2016,39.02,Europe,48,5.66E+11
Sweden,2017,38.27,Europe,49,5.79E+11
Thailand,1990,80.92,Asia,42,1.78E+11
Thailand,1991,90.07,Asia,46,1.94E+11
Thailand,1992,98.37,Asia,49,2.12E+11
Thailand,1993,111.15,Asia,51,2.3E+11
Thailand,1994,125.05,Asia,57,2.49E+11
Thailand,1995,141.06,Asia,62,2.7E+11
Thailand,1996,159.26,Asia,69,2.85E+11
Thailand,1997,163.24,Asia,71,2.78E+11
Thailand,1998,148.52,Asia,66,2.56E+11
Thailand,1999,154.68,Asia,71,2.7E+11
Thailand,2000,155.41,Asia,72,2.82E+11
Thailand,2001,163.67,Asia,74,2.9E+11
Thailand,2002,175.28,Asia,82,3.09E+11
Thailand,2003,184.62,Asia,89,3.34E+11
Thailand,2004,201.52,Asia,96,3.55E+11
Thailand,2005,207.75,Asia,99,3.7E+11
Thailand,2006,209.77,Asia,101,3.89E+11
Thailand,2007,217.57,Asia,105,4.11E+11
Thailand,2008,223.49,Asia,108,4.19E+11
Thailand,2009,218.17,Asia,108,4.13E+11
Thailand,2010,235.41,Asia,118,4.47E+11
Thailand,2011,235.02,Asia,118,4.45E+11
Thailand,2012,252.06,Asia,126,4.77E+11
Thailand,2013,263.89,Asia,136,4.89E+11
Thailand,2014,259.59,Asia,135,4.93E+11
Thailand,2015,263.31,Asia,135,5.07E+11
Thailand,2016,269.31,Asia,136,5.22E+11
Thailand,2017,270.43,Asia,138,5.42E+11
Turkey,1990,132.48,Asia,52,3.97E+11
Turkey,1991,134.94,Asia,52,4.01E+11
Turkey,1992,139.34,Asia,54,4.21E+11
Turkey,1993,143.22,Asia,57,4.46E+11
Turkey,1994,143.14,Asia,56,4.31E+11
Turkey,1995,156.97,Asia,62,4.59E+11
Turkey,1996,171.73,Asia,67,4.85E+11
Turkey,1997,180.98,Asia,70,5.17E+11
Turkey,1998,184.03,Asia,72,5.34E+11
Turkey,1999,183.13,Asia,70,5.17E+11
Turkey,2000,205.7,Asia,76,5.5E+11
Turkey,2001,185.68,Asia,70,5.16E+11
Turkey,2002,193.02,Asia,74,5.47E+11
Turkey,2003,203.76,Asia,78,5.75E+11
Turkey,2004,210.27,Asia,81,6.3E+11
Turkey,2005,217.84,Asia,84,6.82E+11
Turkey,2006,242.37,Asia,93,7.32E+11
Turkey,2007,266.77,Asia,100,7.68E+11
Turkey,2008,267.29,Asia,99,7.75E+11
Turkey,2009,260.81,Asia,98,7.39E+11
Turkey,2010,272.04,Asia,107,7.95E+11
Turkey,2011,291.76,Asia,113,8.95E+11
Turkey,2012,307.89,Asia,118,9.37E+11
Turkey,2013,292.16,Asia,117,1.01E+12
Turkey,2014,314.75,Asia,122,1.07E+12
Turkey,2015,325.58,Asia,129,1.13E+12
Turkey,2016,352.99,Asia,136,1.17E+12
Turkey,2017,402.55,Asia,152,1.26E+12
Ukraine,1990,659.32,Europe,243,2.46E+11
Ukraine,1991,629.63,Europe,244,2.25E+11
Ukraine,1992,540.18,Europe,212,1.82E+11
Ukraine,1993,481.99,Europe,189,1.48E+11
Ukraine,1994,399.72,Europe,161,1.18E+11
Ukraine,1995,398.75,Europe,160,1.01E+11
Ukraine,1996,336.77,Europe,147,88698178303
Ukraine,1997,319.8,Europe,140,84646457745
Ukraine,1998,301.8,Europe,132,82960354762
Ukraine,1999,298,Europe,131,82754442003
Ukraine,2000,290.76,Europe,129,91579331885
Ukraine,2001,284.07,Europe,130,1.04E+11
Ukraine,2002,284.01,Europe,131,1.1E+11
Ukraine,2003,304.38,Europe,141,1.24E+11
Ukraine,2004,292.14,Europe,140,1.4E+11
Ukraine,2005,316.63,Europe,143,1.39E+11
Ukraine,2006,310.66,Europe,137,1.48E+11
Ukraine,2007,308.82,Europe,138,1.62E+11
Ukraine,2008,305.14,Europe,135,1.63E+11
Ukraine,2009,257.07,Europe,114,1.38E+11
Ukraine,2010,276.93,Europe,132,1.38E+11
Ukraine,2011,290.46,Europe,126,1.45E+11
Ukraine,2012,285.03,Europe,122,1.45E+11
Ukraine,2013,273.85,Europe,116,1.44E+11
Ukraine,2014,232.11,Europe,106,1.34E+11
Ukraine,2015,181.08,Europe,90,1.22E+11
Ukraine,2016,190.83,Europe,92,1.25E+11
Ukraine,2017,168.09,Europe,87,1.29E+11
United Arab Emirates,1990,52.15,Asia,20,1.36E+11
United Arab Emirates,1991,59.46,Asia,23,1.37E+11
United Arab Emirates,1992,56.91,Asia,22,1.41E+11
United Arab Emirates,1993,59.99,Asia,24,1.46E+11
United Arab Emirates,1994,65.89,Asia,26,1.55E+11
United Arab Emirates,1995,70,Asia,28,1.64E+11
United Arab Emirates,1996,73.09,Asia,29,1.72E+11
United Arab Emirates,1997,77.05,Asia,31,1.86E+11
United Arab Emirates,1998,78.88,Asia,32,1.85E+11
United Arab Emirates,1999,81.09,Asia,32,1.88E+11
United Arab Emirates,2000,80.31,Asia,32,2.11E+11
United Arab Emirates,2001,93.02,Asia,40,2.14E+11
United Arab Emirates,2002,95.04,Asia,40,2.19E+11
United Arab Emirates,2003,99.3,Asia,39,2.38E+11
United Arab Emirates,2004,105.54,Asia,42,2.6E+11
United Arab Emirates,2005,112,Asia,45,2.75E+11
United Arab Emirates,2006,115.93,Asia,46,3.01E+11
United Arab Emirates,2007,125.11,Asia,50,3.12E+11
United Arab Emirates,2008,147.45,Asia,60,3.26E+11
United Arab Emirates,2009,149.69,Asia,64,3.07E+11
United Arab Emirates,2010,155.61,Asia,63,3.13E+11
United Arab Emirates,2011,159.78,Asia,60,3.35E+11
United Arab Emirates,2012,170.26,Asia,64,3.49E+11
United Arab Emirates,2013,178.5,Asia,67,3.67E+11
United Arab Emirates,2014,178.47,Asia,73,3.83E+11
United Arab Emirates,2015,182.23,Asia,73,4.03E+11
United Arab Emirates,2016,185.1,Asia,74,4.15E+11
United Arab Emirates,2017,182.94,Asia,74,4.19E+11
United Kingdom,1990,553.03,Europe,206,1.67E+12
United Kingdom,1991,563.25,Europe,213,1.64E+12
United Kingdom,1992,557.01,Europe,213,1.66E+12
United Kingdom,1993,540.5,Europe,215,1.72E+12
United Kingdom,1994,533.01,Europe,222,1.8E+12
United Kingdom,1995,523.07,Europe,217,1.86E+12
United Kingdom,1996,544.63,Europe,226,1.9E+12
United Kingdom,1997,522.35,Europe,219,1.97E+12
United Kingdom,1998,526.85,Europe,221,2.02E+12
United Kingdom,1999,524.81,Europe,222,2.08E+12
United Kingdom,2000,533.31,Europe,223,2.14E+12
United Kingdom,2001,543.22,Europe,224,2.18E+12
United Kingdom,2002,528.51,Europe,221,2.22E+12
United Kingdom,2003,542.95,Europe,224,2.29E+12
United Kingdom,2004,542.81,Europe,222,2.33E+12
United Kingdom,2005,541.06,Europe,223,2.4E+12
United Kingdom,2006,541.86,Europe,219,2.46E+12
United Kingdom,2007,530.73,Europe,211,2.51E+12
United Kingdom,2008,515.59,Europe,208,2.5E+12
United Kingdom,2009,466.47,Europe,196,2.38E+12
United Kingdom,2010,484.5,Europe,204,2.43E+12
United Kingdom,2011,446.54,Europe,189,2.46E+12
United Kingdom,2012,469.65,Europe,194,2.49E+12
United Kingdom,2013,455.12,Europe,191,2.52E+12
United Kingdom,2014,415.79,Europe,180,2.6E+12
United Kingdom,2015,398.22,Europe,181,2.66E+12
United Kingdom,2016,370.35,Europe,178,2.71E+12
United Kingdom,2017,358.13,Europe,176,2.76E+12
United States of America,1990,4852.03,North America,1910,1.06E+13
United States of America,1991,4804.1,North America,1925,1.06E+13
United States of America,1992,4883.45,North America,1964,1.08E+13
United States of America,1993,5006.82,North America,1998,1.1E+13
United States of America,1994,5079.43,North America,2036,1.15E+13
United States of America,1995,5132.11,North America,2063,1.18E+13
United States of America,1996,5301.06,North America,2108,1.23E+13
United States of America,1997,5449.77,North America,2130,1.28E+13
United States of America,1998,5480.66,North America,2156,1.33E+13
United States of America,1999,5539.42,North America,2206,1.39E+13
United States of America,2000,5722.24,North America,2269,1.45E+13
United States of America,2001,5657.11,North America,2226,1.45E+13
United States of America,2002,5642.79,North America,2256,1.47E+13
United States of America,2003,5713.77,North America,2261,1.51E+13
United States of America,2004,5794.74,North America,2308,1.57E+13
United States of America,2005,5809.85,North America,2319,1.62E+13
United States of America,2006,5696.88,North America,2297,1.67E+13
United States of America,2007,5802.1,North America,2338,1.7E+13
United States of America,2008,5589.68,North America,2278,1.69E+13
United States of America,2009,5194.76,North America,2165,1.64E+13
United States of America,2010,5426.29,North America,2216,1.68E+13
United States of America,2011,5285.4,North America,2191,1.7E+13
United States of America,2012,5125.18,North America,2162,1.73E+13
United States of America,2013,5191.4,North America,2185,1.76E+13
United States of America,2014,5257.63,North America,2223,1.8E+13
United States of America,2015,5098.9,North America,2194,1.84E+13
United States of America,2016,5071.41,North America,2195,1.87E+13
United States of America,2017,5072.86,North America,2201,1.91E+13
Uzbekistan,1990,116.39,Asia,46,31879028833
Uzbekistan,1991,120.26,Asia,48,31529412118
Uzbekistan,1992,112.14,Asia,45,28526830907
Uzbekistan,1993,112.8,Asia,47,23952715510
Uzbekistan,1994,110.16,Asia,47,21881753384
Uzbekistan,1995,99.72,Asia,43,20832064994
Uzbekistan,1996,101,Asia,44,21000150085
Uzbekistan,1997,103.09,Asia,45,21715101336
Uzbekistan,1998,116.35,Asia,50,22251730758
Uzbekistan,1999,117.97,Asia,51,22987437200
Uzbekistan,2000,117.04,Asia,51,23775057171
Uzbekistan,2001,118.37,Asia,51,24746810874
Uzbekistan,2002,123.11,Asia,53,25923152751
Uzbekistan,2003,117.73,Asia,52,26882361483
Uzbekistan,2004,114.46,Asia,51,28658289500
Uzbekistan,2005,108.49,Asia,47,30233384711
Uzbekistan,2006,110.57,Asia,48,32324809319
Uzbekistan,2007,110.68,Asia,48,35132061903
Uzbekistan,2008,112.27,Asia,50,37980623444
Uzbekistan,2009,101.86,Asia,44,40554043055
Uzbekistan,2010,99.56,Asia,43,43918325793
Uzbekistan,2011,108.55,Asia,47,47141871297
Uzbekistan,2012,110.47,Asia,48,50673990135
Uzbekistan,2013,98.65,Asia,43,54626285478
Uzbekistan,2014,100.27,Asia,44,58743903248
Uzbekistan,2015,97.84,Asia,43,63194094090
Uzbekistan,2016,95.09,Asia,41,66946462650
Uzbekistan,2017,95.51,Asia,41,70059472773
Venezuela,1990,93.57,South America,40,2.83E+11
Venezuela,1991,93.07,South America,41,3.1E+11
Venezuela,1992,95.04,South America,46,3.28E+11
Venezuela,1993,100.6,South America,43,3.29E+11
Venezuela,1994,100.93,South America,50,3.2E+11
Venezuela,1995,106.85,South America,47,3.34E+11
Venezuela,1996,114.88,South America,50,3.31E+11
Venezuela,1997,119.5,South America,50,3.51E+11
Venezuela,1998,120.22,South America,52,3.5E+11
Venezuela,1999,108.99,South America,50,3.26E+11
Venezuela,2000,116.91,South America,51,3.39E+11
Venezuela,2001,124.08,South America,53,3.48E+11
Venezuela,2002,123.39,South America,58,3.13E+11
Venezuela,2003,123.02,South America,53,2.92E+11
Venezuela,2004,128.05,South America,56,3.44E+11
Venezuela,2005,137.87,South America,56,3.77E+11
Venezuela,2006,133.8,South America,63,4.1E+11
Venezuela,2007,130.04,South America,58,4.37E+11
Venezuela,2008,159.68,South America,65,4.53E+11
Venezuela,2009,160.76,South America,65,4.35E+11
Venezuela,2010,171.76,South America,72,4.25E+11
Venezuela,2011,151.59,South America,67,4.41E+11
Venezuela,2012,169.06,South America,73,4.66E+11
Venezuela,2013,156.27,South America,69,4.74E+11
Venezuela,2014,155.11,South America,67,4.54E+11
Venezuela,2015,137.12,South America,59,4.2E+11
Venezuela,2016,125.78,South America,55,4.08E+11
Venezuela,2017,123.62,South America,53,3.89E+11
